,blue_1_gold,blue_1_kills,blue_1_assists,blue_1_deaths,blue_1_win,blue_2_gold,blue_2_kills,blue_2_assists,blue_2_deaths,blue_2_win,blue_3_gold,blue_3_kills,blue_3_assists,blue_3_deaths,blue_3_win,blue_4_gold,blue_4_kills,blue_4_assists,blue_4_deaths,blue_4_win,blue_5_gold,blue_5_kills,blue_5_assists,blue_5_deaths,blue_5_win,red_1_gold,red_1_kills,red_1_assists,red_1_deaths,red_1_win,red_2_gold,red_2_kills,red_2_assists,red_2_deaths,red_2_win,red_3_gold,red_3_kills,red_3_assists,red_3_deaths,red_3_win,red_4_gold,red_4_kills,red_4_assists,red_4_deaths,red_4_win,red_5_gold,red_5_kills,red_5_assists,red_5_deaths,red_5_win,win,teamId,id
0,0.04919860094256262,61,19,21,5,0.037320491004315025,45,33,31,3,0.03529958765086343,14,40,32,3,0.031083734855123068,19,49,30,1,0.0318133343992847,28,18,26,2,0.037491547962326996,41,25,25,3,0.04155869376516157,46,43,25,3,0.03933917280517158,38,31,33,2,0.0452612399386157,54,41,33,2,0.036854060619471024,31,58,30,1,1,100,BR1_2335409713
1,0.04096146712410493,24,27,26,2,0.0321337806052369,22,37,29,3,0.03269543921093665,20,21,34,2,0.036912919207510476,28,30,21,2,0.05433762105710225,42,98,47,3,0.03341651615886307,20,43,26,4,0.030068531891478397,19,21,25,2,0.04144203289982997,41,16,20,4,0.03420385070464413,24,35,17,3,0.03252836072037607,19,59,17,3,1,100,BR1_2328929633
2,0.0273065053970563,10,12,37,1,0.04144558963299798,35,39,23,3,0.03411948131854824,27,22,41,1,0.034799532584619305,25,23,17,1,0.020570220188804396,9,33,31,0,0.03463947283405413,17,17,18,3,0.06085925642085072,53,27,19,3,0.032207781415958446,33,29,29,3,0.031485164072925696,19,46,26,4,0.03601905685655825,38,42,26,3,0,200,BR1_2335668883
3,0.03570245576561233,17,19,13,4,0.042762171816558225,49,45,27,1,0.03194063195199976,19,11,17,2,0.05553423414934817,58,54,57,1,0.023395277194681544,13,65,35,2,0.04405236498465319,45,10,14,4,0.038256959321065764,43,34,20,2,0.034340602823532046,35,30,22,2,0.05357939307784185,54,68,28,3,0.033182517890236476,27,14,31,1,0,100,BR1_2334913227
4,0.035165658786511726,47,32,31,3,0.0351134780664091,33,43,31,4,0.042204086804092766,49,49,25,4,0.02857718752898634,17,79,16,3,0.024704224679874327,6,75,19,3,0.03198426516277948,13,23,22,3,0.05458224568015263,29,92,28,4,0.03651316821846886,51,40,36,3,0.038259058081443566,27,32,17,4,0.02207552974868182,5,52,28,3,1,200,BR1_2334932144
5,0.03228386124650071,16,22,25,2,0.06981838165809875,71,30,35,3,0.035214276909167126,45,73,51,2,0.04758151100532265,63,31,28,3,0.02779704839630654,13,71,38,1,0.04569045428665884,39,80,27,5,0.04474030863488305,56,66,33,5,0.035525366990123174,49,33,34,1,0.029485596487531636,12,13,26,1,0.03545131586429447,18,22,26,2,1,200,BR1_2333155360
6,0.04623586552443642,86,19,31,5,0.03576212400570515,27,14,16,3,0.03309903084560376,30,43,24,4,0.031607974736277515,16,17,24,1,0.03986880339458111,42,51,33,4,0.0385419157635747,20,20,23,3,0.031804571444323845,23,26,14,3,0.04950234396355946,47,36,16,3,0.034048587290617285,23,41,19,3,0.029487087790108203,31,72,36,3,0,200,BR1_2332422592
7,0.042238247583343026,60,75,45,5,0.038013922290928065,49,33,21,3,0.03793243684497345,33,37,28,3,0.03739175011471745,27,52,18,5,0.025108419240895553,12,70,26,1,0.03561201871948851,35,50,27,4,0.039061781453643474,42,42,12,4,0.026818910398436598,20,30,9,1,0.04064307360026964,42,16,19,2,0.026256098280791083,23,68,25,3,0,200,BR1_2334319388
8,0.03867775555306436,41,25,34,3,0.043100136576193285,54,60,22,1,0.03531814852043639,41,39,26,4,0.03723925886806831,33,33,17,4,0.025156967709652287,15,63,30,2,0.035866187563117956,39,47,17,3,0.032016031581375316,20,18,24,1,0.03702786206157244,48,25,33,2,0.0328381433734882,19,24,23,2,0.022385880202421823,7,66,24,2,1,200,BR1_2333295174
9,0.03813347751549549,36,35,27,2,0.03599899564313423,36,39,37,2,0.039959002122027854,25,44,38,3,0.0320543392985741,27,27,29,1,0.033031405637310066,31,26,35,1,0.032142887201017406,18,47,32,1,0.036477336723404925,41,50,20,3,0.033843546264772914,31,30,41,2,0.03330729197872091,31,24,45,2,0.027082570273728474,15,36,23,2,0,200,BR1_2331895277
10,0.06827977112715389,53,33,45,3,0.031740492041164144,17,16,14,3,0.031830590408670124,21,47,18,2,0.03222502469098435,24,52,41,3,0.03796144865757206,48,64,25,3,0.030823197519345594,21,25,35,2,0.03515850805895895,25,32,29,1,0.07243990273923887,99,115,46,4,0.034277414381023295,37,36,26,2,0.0400140334453449,45,39,38,4,1,200,BR1_2331462838
11,0.0515016230893449,54,31,52,1,0.03750456781389875,55,42,32,2,0.0735927804768121,66,33,48,3,0.04326941544239559,38,54,29,4,0.030612121353590163,23,69,34,3,0.05411201798561045,69,49,49,2,0.03356504137679574,37,25,29,1,0.039618483298409585,33,27,25,2,0.04360624313505838,46,40,27,3,0.025847734182979334,19,74,36,3,1,200,BR1_2331359025
12,0.04567368076172386,44,23,44,2,0.04850274129458233,74,76,47,5,0.04523804332545008,40,20,33,1,0.04017884309695377,37,85,28,4,0.03304046679004312,18,42,29,4,0.048484060836915074,42,81,49,4,0.032122629519432885,27,17,32,0,0.041522207544845965,52,49,35,3,0.04366651315338706,43,48,20,3,0.060908813753024454,58,107,48,4,1,200,BR1_2330585969
13,0.03694089098137536,31,57,29,4,0.03907987182663761,51,40,29,5,0.051580702619305065,33,23,20,3,0.02546958771297634,13,31,38,1,0.024349426312058883,16,83,39,2,0.03245267522708229,35,38,36,3,0.03424072834446849,36,17,31,0,0.03181148923330082,28,24,24,3,0.03339338592249984,41,35,52,2,0.04801245772580321,51,112,34,4,0,200,BR1_2328994348
14,0.0315996391534877,21,12,34,1,0.03056561627823529,14,30,21,3,0.03278322113161906,22,35,24,3,0.030624641397181723,19,30,22,2,0.03253874368414277,32,33,31,1,0.03718400394327814,30,30,18,4,0.03652717213886357,49,34,32,1,0.03591060178878521,38,21,28,3,0.0385662071399289,43,35,37,4,0.028169508258287852,17,63,34,3,0,200,BR1_2329032764
15,0.03897085453955512,54,26,36,3,0.03509996031925103,32,34,32,2,0.032207781415958446,33,29,29,3,0.033466764359312,14,32,21,3,0.023317791564246834,9,47,18,2,0.032727474790807204,24,38,26,4,0.034393632358889925,29,30,24,2,0.03883288223212553,41,33,23,3,0.040609408498575326,48,44,34,3,0.053232277940620756,52,111,43,4,0,200,BR1_2334502258
16,0.04296223660818209,39,25,17,4,0.03741366278997313,34,18,37,2,0.03154424029659239,21,30,28,2,0.03693936625239669,35,28,24,2,0.032173878626829064,17,73,25,3,0.03191130071126313,24,28,26,2,0.030990297375465988,26,55,33,4,0.033478532205951664,17,51,22,4,0.033309302172129,30,33,22,3,0.02169409455591942,6,40,17,1,1,200,BR1_2333466165
17,0.03454772152209384,30,26,25,4,0.03946020821073301,45,42,33,2,0.046235585740559096,42,64,27,3,0.05656914961578551,43,88,49,4,0.03815377462193015,19,77,31,4,0.039531701273811,37,30,29,1,0.038000335788255776,39,48,22,2,0.028652940100471973,22,92,37,2,0.031590572366579334,16,43,26,3,0.04313241129537145,43,22,29,4,1,200,BR1_2332778537
18,0.03804581111100882,35,31,16,2,0.03952567468451199,36,36,27,1,0.03814311072058169,41,87,46,2,0.033752351135389554,27,40,36,3,0.03619952200855417,28,21,30,3,0.0364568111197382,31,30,21,4,0.04600750786052304,54,43,34,3,0.028370418891122434,23,34,29,2,0.0335662170080065,21,26,21,2,0.04956437451232779,34,71,24,3,1,100,BR1_2332748112
19,0.045756815375869335,49,72,44,1,0.03655552267263714,33,23,19,1,0.03743487690170179,26,37,30,1,0.0350989036412602,35,37,45,2,0.03169699039611597,21,15,24,2,0.04279131294122782,47,68,36,3,0.03135904036712279,31,22,30,2,0.047695778847912734,56,78,48,3,0.029600102627693282,20,30,16,3,0.03235763563300277,19,24,20,2,1,100,BR1_2332747661
20,0.035043157425337354,34,30,15,5,0.03638623596465859,45,54,30,2,0.037871108616998994,43,36,37,1,0.03350951198526025,36,30,18,1,0.033703394411625114,25,100,39,3,0.034374557572456096,35,26,40,2,0.034362147480782736,40,43,27,3,0.03504974060096318,31,31,31,4,0.032406713174540025,28,21,26,1,0.022500129656987198,11,81,32,3,0,200,BR1_2333027095
21,0.053543057240125466,28,19,19,3,0.025847734182979334,19,74,36,3,0.030299329551142513,24,21,33,1,0.039332943918174594,35,25,22,3,0.054398306555002635,45,119,43,5,0.03391418365557753,35,15,41,1,0.030772973159326415,23,25,19,2,0.04742262809449567,60,41,30,3,0.032177255856046375,28,39,32,2,0.024731677852174203,8,54,10,4,1,200,BR1_2332094005
22,0.03134050479305735,24,34,33,1,0.03754315815229112,25,27,39,2,0.04467807993673882,42,32,34,2,0.03399504832233371,33,45,45,2,0.032465279453832055,33,75,28,4,0.0372927738247949,41,16,38,2,0.036209230864056856,42,49,38,3,0.035195824135924245,31,16,30,1,0.04366651315338706,43,48,20,3,0.039217951320951995,47,64,33,5,0,200,BR1_2331396584
23,0.03705420194536853,30,31,25,2,0.03818814419934776,35,38,18,5,0.038519051740073085,37,33,33,3,0.03117264621903211,22,12,23,1,0.050143427679428226,38,36,27,2,0.03450846484637705,47,61,39,5,0.03535186790857177,37,14,40,1,0.0470017392432636,28,78,53,0,0.03384322051879027,31,38,34,2,0.022966203462489353,12,24,23,0,1,200,BR1_2330682780
24,0.055051541260299486,40,25,34,3,0.03258338246257102,41,31,28,2,0.04043832719670442,44,22,26,1,0.037652637971094007,29,42,32,2,0.02841828231099867,8,106,32,4,0.03664831225220201,38,15,37,2,0.034179916183456366,28,49,20,3,0.03879722923583312,29,23,22,4,0.03835462275165099,34,23,20,4,0.029820820541288002,22,74,49,2,0,200,BR1_2330005720
25,0.04760810063712773,62,69,39,4,0.03054871125179983,29,23,18,2,0.03334710701372919,21,40,27,2,0.03763828872822075,28,37,48,2,0.04297464001890861,45,40,27,4,0.0398462053220932,45,60,41,4,0.033568549145634036,32,49,28,4,0.03353370344602328,25,42,12,4,0.046477303666623,33,50,35,3,0.06376926153881982,65,42,23,4,1,200,BR1_2331086393
26,0.0342954608348255,23,25,18,4,0.03388509419518868,35,46,43,1,0.03475216815502447,28,24,34,2,0.03327441583196729,29,35,37,1,0.025659299090633005,17,68,28,3,0.038740867843456615,47,50,46,3,0.04511981633339285,32,37,54,2,0.026253336306065675,8,30,16,1,0.03707771519463543,34,30,34,3,0.024539323208265195,17,47,26,2,1,200,BR1_2331094970
27,0.038594705736023915,43,42,39,3,0.03504712556809614,42,35,26,4,0.035515783935742576,34,28,31,4,0.03609760651357209,39,27,28,4,0.02419299925036391,12,90,32,2,0.03767691560488397,28,32,34,3,0.04096227596335647,54,32,23,2,0.04008735278586156,56,31,36,3,0.040655961738602475,32,53,24,3,0.01909597679118265,6,34,28,0,1,100,BR1_2330710293
28,0.03843002965717566,34,28,21,4,0.03279424675629488,27,36,23,2,0.034423570483911925,17,38,25,3,0.0477198062475043,67,54,47,3,0.023412587769014146,12,55,18,3,0.03185716281284209,30,25,36,3,0.035262870778993004,44,59,39,1,0.03979759002926777,47,36,34,3,0.04103432960722133,33,45,25,3,0.03643608372447322,35,73,30,3,1,200,BR1_2330673875
29,0.04432538737966014,52,57,33,4,0.03638160359675561,36,26,25,4,0.03317872838657112,22,16,15,1,0.03513735604503991,33,48,40,3,0.02269159186023678,9,55,21,3,0.04062852891881251,38,22,29,3,0.06199983596667595,65,18,11,4,0.03427804840090158,42,38,37,3,0.04029426298994014,39,30,30,1,0.024986099810924096,11,88,31,3,1,200,BR1_2330588287
30,0.04187847414366039,39,15,21,3,0.03631127435753734,57,44,33,4,0.034595835772198734,29,31,32,2,0.037998029227029786,37,33,16,3,0.03806710804365886,38,89,46,2,0.029266556255085518,20,32,28,2,0.03438167405495722,28,50,32,2,0.040084396013702284,51,24,21,3,0.05281216038572205,46,40,25,1,0.02327453168219766,12,51,42,1,0,100,BR1_2330542085
31,0.026403320068213772,22,17,47,0,0.030450619639423568,22,27,21,1,0.02999254453735253,16,20,22,2,0.061385231206657107,55,64,28,3,0.02622289589008229,10,80,29,3,0.04602466233705051,46,32,27,4,0.02852654208509927,13,35,26,3,0.03359440338504638,27,26,32,3,0.03573669609206243,28,24,19,3,0.02301346974492503,8,69,23,3,1,200,BR1_2330333322
32,0.041964430541587674,55,45,35,5,0.029891736860406536,20,40,26,1,0.031419487539630406,31,29,33,1,0.03649956025086341,27,32,24,4,0.03302642950069892,34,39,32,1,0.04473763941085243,36,28,22,4,0.038756037245930915,38,37,42,2,0.030758395780236487,21,23,27,1,0.037691384731082966,46,41,33,2,0.023091289008610193,11,52,20,2,1,200,BR1_2330317559
33,0.041539013522534224,32,30,24,4,0.04663973360480248,56,32,30,4,0.027798641390425184,9,19,24,1,0.04632427671538672,49,22,29,3,0.024578786073234046,7,79,21,4,0.03671989877246336,38,16,22,2,0.03269920921250174,35,34,37,0,0.03279555202679084,39,46,32,3,0.025978122078530688,11,34,29,2,0.04209342241209481,25,57,36,3,1,100,BR1_2330304629
34,0.058096101369500046,50,98,57,2,0.05343496237362644,22,151,36,4,0.05596233951669141,52,104,51,3,0.05716304063529718,47,118,46,4,0.03542962065355649,23,69,19,3,0.05732259915511481,40,60,36,2,0.05476914520088459,46,69,32,4,0.054440512325368305,33,130,45,3,0.061706237101803965,62,95,32,3,0.05695044329980786,49,76,33,3,0,200,BR1_2335062651
35,0.05590447400298946,42,82,29,0,0.051385676135831684,47,111,49,3,0.04752687957555292,39,98,39,2,0.05391813683177335,46,61,45,1,0.023210951560009484,13,68,33,3,0.05192410479420163,27,103,51,2,0.035008893259554925,23,26,13,3,0.05210249261407722,29,134,47,2,0.053329674509494135,48,45,34,4,0.05241742261864451,34,39,31,2,1,200,BR1_2335019180
36,0.04925790151876082,45,40,37,3,0.03624560304604775,27,48,27,3,0.031877635405715136,29,80,26,2,0.03309427830511774,26,32,23,3,0.03219782043123334,25,83,35,2,0.03816975992872862,43,26,26,2,0.06971897090463668,141,34,61,2,0.042082357011846934,50,35,21,3,0.02720157400953785,22,69,30,4,0.020047056163113353,6,25,30,1,1,100,BR1_2335408234
37,0.04658040098549969,42,41,38,3,0.033492430856496676,35,36,38,3,0.03302368397504146,38,30,27,3,0.032911182858763155,18,36,22,3,0.04612725265677452,32,29,23,2,0.03804718981583708,26,40,26,3,0.03660856817543507,33,31,23,3,0.04315952000701647,56,36,20,3,0.031303299876386616,18,20,29,2,0.03930049332740822,34,31,16,4,0,100,BR1_2335406453
38,0.030911951042821708,32,32,30,3,0.0379765117039701,36,54,20,5,0.03952425953727818,40,21,37,2,0.04371120459794361,26,38,35,2,0.023436202392346926,10,52,39,2,0.04694279496192723,44,43,38,3,0.03938217392040455,49,43,36,1,0.02991086934314155,21,39,27,2,0.04254798911216885,30,41,40,3,0.03736954840719085,37,31,20,3,1,200,BR1_2335433735
39,0.036854496372771155,19,52,28,4,0.05081025347557829,50,112,32,2,0.03882718020645148,46,60,47,3,0.052117624681188066,28,90,41,3,0.03876917473875032,29,52,46,2,0.04503973287010256,44,40,38,2,0.05846761190179539,72,60,47,4,0.04994535506228608,30,88,37,4,0.036645735996237674,30,20,32,2,0.030366204668000035,24,58,45,3,1,200,BR1_2335344892
40,0.040788055350294644,28,40,31,2,0.029065209176718128,16,60,42,2,0.05731290831703205,69,64,43,4,0.04576170059619895,29,76,33,4,0.042459127902746835,40,28,37,2,0.038695699976090986,30,59,27,2,0.03215938422376018,25,59,37,4,0.032622159650990065,35,21,39,1,0.05687145137523165,43,69,36,2,0.026564091155237685,15,72,30,4,0,100,BR1_2335340562
41,0.056301538972099094,67,58,37,4,0.05212522756934664,70,33,56,2,0.04070271675726782,48,20,23,3,0.04872427880297864,32,53,43,3,0.062180837574881936,70,72,43,4,0.06074330358249244,49,44,31,4,0.03695710685778336,25,24,28,2,0.022251650966722415,5,94,23,4,0.030953111562871564,29,43,35,1,0.07339469457594885,96,64,34,4,1,200,BR1_2333176385
42,0.03692729632624207,20,30,24,2,0.030911459041252923,25,29,25,1,0.026981938781140587,24,27,25,1,0.03557595360131835,44,41,36,2,0.030764770028341167,22,82,27,3,0.05411201798561045,69,49,49,2,0.03440275459006287,38,35,26,2,0.04208049598719293,51,32,40,1,0.02712971121396523,21,42,33,3,0.03367920070062698,35,27,18,2,0,100,BR1_2331566002
43,0.03304046679004312,18,42,29,4,0.03134050479305735,24,34,33,1,0.03759378793958683,36,34,27,2,0.04567368076172386,44,23,44,2,0.028368905494739232,21,71,28,4,0.03524696543536252,20,30,30,1,0.03511112599383495,37,35,16,3,0.05320211298940558,66,35,36,3,0.032444911320565886,30,27,39,2,0.03725880283045294,30,80,24,3,1,200,BR1_2331581115
44,0.03663332633199266,25,35,28,2,0.03236163692273746,27,30,25,2,0.029198955887851756,21,29,30,1,0.035295258177136746,35,19,24,2,0.033182278281480224,25,42,32,4,0.036507588874899605,22,32,29,3,0.036917267445495755,45,47,37,3,0.05279941443980594,42,39,34,4,0.03422663145778002,30,16,33,2,0.02508799899065553,10,51,21,2,0,100,BR1_2331497270
45,0.04473320101352397,50,37,25,3,0.033994050103777984,40,18,33,1,0.038841327186733596,47,21,12,4,0.03867748541433115,37,34,32,2,0.03020539624825338,29,35,34,2,0.03584943452872581,41,28,25,3,0.031039051488888157,22,45,25,3,0.02953344102792033,13,16,33,1,0.05010377335101642,49,72,28,4,0.02290955084170469,10,50,16,2,0,100,BR1_2331494085
46,0.03325025088899882,29,37,19,3,0.04050025630589603,63,28,33,3,0.04890237973065621,44,36,51,3,0.03687643470929984,32,30,17,4,0.02360417644941259,16,59,32,3,0.035410154903097776,46,31,27,4,0.0297119704202686,32,59,43,2,0.035146091103080215,32,18,36,1,0.03011533977982942,21,29,37,1,0.028160445105068654,22,39,38,0,1,200,BR1_2336081998
47,0.03657267351831715,44,37,21,4,0.03324010633617114,25,30,41,2,0.030573173472117493,21,22,26,3,0.030246287218144412,17,35,33,2,0.024845843089651536,16,95,20,3,0.03015164401333212,29,17,21,2,0.054040528210461146,38,46,40,4,0.06394079524892464,71,24,25,4,0.039660561157373715,54,53,31,1,0.045583913156553524,40,110,37,0,0,100,BR1_2336053806
48,0.03160616616291686,25,26,35,1,0.0335352663532062,43,17,25,1,0.031602107311377026,22,36,38,3,0.031199722102122133,17,37,28,3,0.021299434723727757,6,50,19,1,0.029326784780034337,13,42,30,3,0.03470150912016612,30,41,31,1,0.032553498856152066,42,36,29,2,0.030541211212197716,21,48,24,1,0.029082432934647618,19,39,27,2,0,100,BR1_2335959683
49,0.03871689308732504,52,40,35,1,0.032432230293550204,48,28,55,0,0.03340572688979857,54,48,49,3,0.042044563823169435,42,50,33,1,0.044811880435151365,43,114,56,2,0.028857441966280366,29,35,29,2,0.03491288142430876,48,51,45,2,0.03182991451554102,21,37,30,4,0.03576909202307299,31,37,25,4,0.03249840002984556,22,81,32,1,0,200,BR1_2336004892
50,0.03506526099019841,31,41,25,2,0.03712707128829674,49,64,27,4,0.042460917517754736,47,18,41,3,0.032035197701646353,25,36,22,3,0.026524652110855123,17,67,26,2,0.025058674293153435,9,39,20,3,0.02356242296657815,8,56,37,2,0.03662678814925048,36,37,22,3,0.03635158808797708,33,43,30,4,0.02255763206424786,3,115,23,3,1,200,BR1_2335970069
51,0.03416210949008023,34,48,45,3,0.03876291558521265,52,47,42,4,0.02935294425700266,15,26,23,3,0.03614867329654707,33,43,23,5,0.036361537973622085,60,49,38,2,0.02991757176477182,24,20,44,0,0.036008684473342746,61,42,42,2,0.03146564103520902,17,63,35,3,0.03157735705248633,30,30,30,0,0.04912152405547084,69,72,44,2,0,100,BR1_2335906913
52,0.035814879686169795,54,35,33,3,0.03585065633415306,36,41,28,4,0.025076035731087624,9,8,29,1,0.05497359258642769,70,74,60,0,0.024558604775925093,13,49,31,1,0.04548134042179497,65,52,51,3,0.03648781407151986,28,61,38,3,0.060396589849783085,61,84,42,4,0.036279751827456505,39,45,27,5,0.03637295770600565,18,47,23,4,1,200,BR1_2335481421
53,0.04251296463590008,24,39,42,2,0.05747323682295899,71,81,52,4,0.039130962077279785,38,35,36,2,0.03202051984861928,39,43,38,3,0.025116946213429824,22,56,25,3,0.030186228911426423,24,27,28,2,0.052646960649145966,68,33,31,2,0.035236804111335354,28,26,26,2,0.033713525541068906,30,50,26,5,0.04298849213069524,35,56,31,3,1,200,BR1_2335440691
54,0.037614671296902866,29,50,33,4,0.045791248457948096,43,74,35,2,0.024190680930498483,9,38,30,3,0.030277995765244984,20,9,33,2,0.05912443804740118,60,125,45,1,0.04707315586525605,93,35,27,4,0.030743222930981116,28,34,39,1,0.04980477681201671,69,71,4,5,0.03197844804516434,26,43,26,4,0.051711344993406544,33,52,37,4,1,200,BR1_2335379426
55,0.04362444270729511,71,22,23,4,0.041301024930648175,42,35,21,4,0.0344867470317044,32,32,37,2,0.033774469825041085,23,37,22,3,0.024950611751675615,16,102,25,5,0.03145557766121666,20,11,23,1,0.03829012991674112,40,39,22,3,0.04153461999330048,23,86,22,4,0.05639210104528574,61,51,42,2,0.055237118203747035,47,63,28,1,0,100,BR1_2336109427
56,0.03952319785913512,56,31,29,4,0.04296223660818209,39,25,17,4,0.03470494254815662,34,41,26,3,0.05090805116762411,45,47,39,2,0.019413002679569184,8,17,26,0,0.04237692213702955,60,40,38,2,0.04230744596644829,58,70,28,4,0.028509705980349,13,28,23,3,0.02370930185886925,13,86,24,4,0.025266913760678116,19,80,34,1,1,200,BR1_2332305293
57,0.03371548581119845,36,31,27,2,0.03251709720867115,32,59,33,4,0.03470891495042578,38,36,26,4,0.030716043500424,34,23,33,1,0.025354277220055906,11,57,21,3,0.035636212344218016,36,48,22,4,0.047613989426633106,59,78,53,2,0.02596027781518806,13,87,37,3,0.026419906183310422,17,66,27,4,0.02356892827495284,12,105,24,4,1,200,BR1_2332280149
58,0.05705167150990416,46,48,44,1,0.04373025575959268,43,32,35,4,0.03288102657544953,25,34,21,3,0.057879661817460556,48,32,21,4,0.023603672508652165,9,96,23,4,0.032508317480657536,26,44,21,2,0.03831453212587807,48,32,26,4,0.039602853414104966,33,38,16,5,0.037114022053037564,32,39,43,0,0.05159915357971787,43,48,16,5,1,100,BR1_2332114633
59,0.03360556506588195,37,60,30,3,0.05081481440559769,71,49,31,3,0.03775500592756381,45,33,32,3,0.027550943364085576,17,47,39,2,0.023972524337057818,11,81,26,3,0.05236407793707396,38,24,27,3,0.039400484198237086,39,32,29,2,0.06809915776867265,87,60,40,4,0.03513735604503991,33,48,40,3,0.023208682814217813,9,79,26,3,1,200,BR1_2332002785
60,0.03801593049166527,39,21,30,4,0.036747319263223714,52,44,29,5,0.036936335806069746,35,22,22,3,0.034457279568275025,24,30,36,1,0.023283624358434972,4,68,26,2,0.03868380689019549,37,34,30,1,0.04302953955915116,46,40,38,4,0.03502841611441561,22,17,44,1,0.03204692788544346,25,43,34,2,0.025295516505966467,16,71,37,2,1,100,BR1_2330952750
61,0.05648428560956541,52,28,23,4,0.03498261420649811,44,46,17,4,0.028903464980219812,16,39,28,2,0.035559022808274734,30,43,26,2,0.024944931069409173,13,70,28,1,0.03596458374700621,27,41,30,3,0.04562595793344701,64,46,15,5,0.02995830109004776,16,18,29,1,0.03173760820424815,25,39,37,2,0.024049642116785883,7,76,29,2,0,200,BR1_2329684273
62,0.028764416167570753,30,12,31,2,0.04850274129458233,74,76,47,5,0.035927879008175234,34,25,33,5,0.03464903687346756,27,38,41,1,0.024016383270517076,6,47,29,1,0.038048194710378354,27,21,19,3,0.0298138021707334,26,26,31,1,0.04067266133776218,46,56,38,2,0.04596225126355737,28,53,16,5,0.03972916267011642,21,91,31,5,1,100,BR1_2329640640
63,0.03677472436518038,36,30,30,3,0.03561666125944954,30,48,21,4,0.034810953100101266,26,25,33,3,0.03611519278430497,34,55,16,5,0.02408606000858296,7,44,26,1,0.03718705897045123,32,31,27,5,0.03206233712660072,26,33,20,1,0.02799962735681468,17,52,27,2,0.03138296557143564,23,24,38,1,0.035007693009827305,34,59,28,2,1,100,BR1_2329568009
64,0.02707363713191859,18,85,36,3,0.036030890317496,28,29,21,3,0.03090440549395284,23,32,24,4,0.031678042616596555,32,28,37,2,0.02294496130873953,12,31,35,0,0.034819400754279896,27,29,25,4,0.034179916183456366,28,49,20,3,0.05660670687660287,53,38,22,4,0.03622582661371581,36,40,39,2,0.025972467163574972,7,50,23,2,0,200,BR1_2329602691
65,0.030787208071815293,21,17,24,2,0.04382868453218275,50,55,25,2,0.03560006090159229,26,25,36,1,0.03361615577751606,20,27,25,2,0.027087213709092627,21,58,30,3,0.052641623885368215,45,92,52,3,0.032373658550206144,24,53,24,4,0.034743096633224904,27,34,29,4,0.03655949080385774,35,29,37,3,0.050508208742196074,41,73,47,3,0,200,BR1_2335682619
66,0.04785832347835331,48,50,36,4,0.03031349794816713,33,59,39,3,0.02784134214787882,18,21,20,2,0.03798134441252847,44,46,15,5,0.05715197624671971,54,65,52,3,0.03534852407273066,35,37,30,3,0.03709357241132202,53,54,32,2,0.028882271170738397,15,32,32,1,0.04046271242978821,40,18,29,1,0.029210822557289837,20,68,35,2,1,100,BR1_2334988446
67,0.057735032442845426,61,78,55,4,0.03695037912723467,10,80,32,1,0.05198164228644231,17,99,50,2,0.06577834136652595,83,67,50,3,0.045448760579107295,38,71,42,4,0.04757593405229323,34,113,64,2,0.050249757720189976,37,70,39,3,0.055874977612953486,74,111,61,1,0.053150722828832486,28,85,43,3,0.055680107828907865,36,136,29,4,0,100,BR1_2334556547
68,0.050094747169725326,43,63,33,3,0.051673695706159074,44,60,35,2,0.05231323252202903,43,58,34,2,0.051763000223482514,22,118,48,3,0.0647626055497782,61,84,42,5,0.057940387234958854,70,82,59,5,0.05255299826924523,15,106,50,2,0.06644861584888376,85,51,51,2,0.048604247263879824,33,78,43,3,0.061499175163849215,76,101,58,2,0,200,BR1_2334574311
69,0.050973518554343164,64,71,55,4,0.04800665796829075,35,68,61,1,0.035552708545521464,29,18,20,3,0.05355534494585504,25,110,20,3,0.04747720925468788,33,69,46,4,0.04785895139914221,19,125,62,0,0.04643090471204545,55,70,35,4,0.050062986889287515,21,131,47,2,0.03239202724291064,18,23,27,3,0.05470128307034522,37,134,51,2,1,100,BR1_2333994538
70,0.05097413808988483,56,86,59,3,0.04796609086209892,37,85,59,2,0.03707422346123744,32,32,17,3,0.0534388451020928,20,133,19,4,0.051405370226349244,40,73,53,4,0.05619568276213573,52,140,25,4,0.04983042043814176,27,60,49,3,0.05379605369230629,35,59,42,2,0.05501624206907162,36,85,54,2,0.055037409863710765,34,122,43,4,1,100,BR1_2333962302
71,0.05943064031195565,64,111,53,2,0.05387492657873962,27,49,23,2,0.05384279911790342,26,171,35,3,0.052557098236175416,43,77,41,1,0.0541630187979486,33,86,40,1,0.05228887852330666,60,87,63,3,0.04881866276453139,31,86,54,2,0.036713140278871605,28,41,21,4,0.052408615590234894,21,140,26,3,0.05533834440521597,43,78,49,4,1,200,BR1_2333919620
72,0.05192531455719445,43,76,47,1,0.05134929087503643,65,101,41,3,0.05393454455542651,19,118,33,3,0.047091956293036696,46,71,24,5,0.04059208683589205,27,94,30,5,0.05085757931509538,46,79,55,3,0.04943910498118026,30,94,48,3,0.0343454911940721,22,43,27,3,0.05295930697925827,18,154,25,3,0.05588976911122371,56,100,56,5,1,200,BR1_2333925289
73,0.04914074209245185,38,94,54,2,0.05304128440783237,12,155,28,3,0.032214720696385396,15,41,29,2,0.05081782666181989,34,116,51,3,0.05467926440530855,56,106,58,5,0.042434004229279676,30,67,38,1,0.04009871157660155,37,80,52,2,0.06112892912629306,58,102,45,3,0.06910978580749509,93,64,34,4,0.0497918603829362,27,133,54,2,1,100,BR1_2333952105
74,0.040665782719629104,38,35,28,4,0.03372962105715117,25,74,30,2,0.0385662071399289,43,35,37,4,0.03366740436139626,25,28,22,1,0.027432892655209155,21,77,27,3,0.04292980504419428,38,40,39,0,0.035781555787406064,32,46,35,3,0.05044473113531635,44,82,32,4,0.04219346171122399,49,49,30,3,0.056862464164976596,45,101,56,2,0,200,BR1_2333269714
75,0.036274647203842963,23,34,44,1,0.04707177236515159,61,32,24,4,0.036883003391975436,22,27,18,3,0.042136535772811554,30,47,21,2,0.025583865255262343,12,64,24,2,0.03851491368059896,36,16,36,3,0.03803555847601054,56,30,25,3,0.029258392125146214,17,24,22,0,0.03213248416160394,41,36,23,2,0.04153461999330048,23,86,22,4,0,200,BR1_2332476852
76,0.03612133529000036,26,18,19,3,0.03070113526987598,20,36,26,0,0.026253336306065675,8,30,16,1,0.026369488965296554,10,32,29,1,0.022951244031897175,7,57,38,2,0.03207898125480517,36,39,34,2,0.033517147181225705,23,37,17,3,0.040393976587494745,49,65,32,4,0.042886331316346775,59,29,19,4,0.02488063504422166,12,41,31,3,0,100,BR1_2332525477
77,0.03762384492800917,27,26,18,3,0.031201135796755305,18,42,31,1,0.03657254605478828,37,56,29,3,0.04214720329570743,35,71,30,4,0.02065153177464872,8,58,41,3,0.04841746419733696,46,58,25,5,0.03867894792356466,44,32,18,3,0.03225382925093161,21,45,24,1,0.03277239370210705,20,29,23,1,0.02272362772919267,6,56,20,2,0,200,BR1_2331756795
78,0.031556398741038084,28,31,33,1,0.027837822049977548,16,51,20,2,0.03285573208081856,20,41,23,1,0.030837658550063825,27,20,41,0,0.02199394811851529,10,74,32,1,0.03465420722713365,20,58,24,3,0.03804581111100882,35,31,16,2,0.03725757946711991,47,39,27,3,0.057879661817460556,48,32,21,4,0.05297119650924681,36,70,30,4,0,100,BR1_2331092330
79,0.04386328676905373,67,47,40,3,0.03245642956282408,44,50,30,3,0.029573741106595747,15,25,15,2,0.033387689336779075,25,29,20,3,0.06634678570580588,74,91,34,4,0.03454808503763091,20,27,30,3,0.03566212067924072,34,38,27,3,0.03326731159058773,20,43,22,1,0.028896652514879093,23,43,36,1,0.042856675540655795,65,45,39,3,0,200,BR1_2330368521
80,0.03869485150093853,23,38,32,3,0.034362147480782736,40,43,27,3,0.046200931708098636,39,31,18,2,0.028576766417527506,18,34,35,2,0.042081078090601916,24,37,25,3,0.036114434482627925,32,33,18,3,0.0411503784467909,44,38,35,3,0.035049013760808184,21,40,18,2,0.02819499737393752,22,31,41,0,0.0427488877801111,39,65,39,2,0,200,BR1_2329840754
81,0.03667558604052515,33,23,37,1,0.03868588769373708,45,51,29,4,0.03557595360131835,44,41,36,2,0.04359064731289999,37,46,34,3,0.02191754700961629,2,51,36,3,0.03678527869463133,23,31,20,2,0.035338990870917145,26,21,46,2,0.03361400055639568,36,47,32,3,0.03732340806947604,35,34,11,4,0.024689705992375903,13,68,45,4,0,200,BR1_2329536770
82,0.05320211298940558,66,35,36,3,0.035122390907324635,45,48,37,2,0.035079274291140244,32,27,30,1,0.03218769074821394,30,60,34,2,0.029405914867757312,11,57,24,2,0.038048194710378354,27,21,19,3,0.03645018473453942,48,40,24,2,0.035238129981560735,20,23,22,1,0.03685467065083749,29,39,21,2,0.025402467491456054,10,77,20,3,1,200,BR1_2328721624
83,0.036217137788841926,26,11,20,3,0.03185861285159533,24,27,24,1,0.057696251092575083,47,107,35,4,0.04556222134718986,67,39,32,3,0.0375468718948217,31,53,30,2,0.035937543754615706,31,36,15,3,0.036465938874985636,29,20,24,1,0.03438589868444165,21,32,23,2,0.04372207431410434,35,41,22,3,0.022499577579779047,11,60,35,1,0,200,BR1_2327219929
84,0.030731524880968118,22,17,34,2,0.04999366441888967,40,17,45,3,0.03133635247141418,18,31,25,2,0.04041122507680343,59,28,34,2,0.03323174202298384,31,46,53,0,0.0302881277012426,23,26,30,2,0.03833231951841677,41,44,31,3,0.035139209365467466,35,38,27,2,0.04570820002725682,39,49,40,4,0.0378745649418569,20,85,12,5,0,100,BR1_2327263372
85,0.034285707431499106,32,38,55,2,0.0412736999737641,27,34,53,0,0.04721855130648724,32,77,26,3,0.05903551354824206,21,1,28,2,0.04975613421720265,39,46,53,2,0.05482367447405902,51,92,37,5,0.060671589508370816,61,68,53,2,0.05421149179192957,54,36,36,3,0.05168022302023491,29,30,39,3,0.06093141575026141,77,84,47,4,0,100,BR1_2333103667
86,0.05045932136492405,53,64,34,3,0.05080349830543368,34,57,23,3,0.045713574017150746,38,49,42,3,0.04426446414682122,40,48,46,3,0.02888193903402904,20,42,36,1,0.05466393079291713,58,98,46,4,0.06129564772776139,47,27,20,2,0.04308421593066496,16,38,34,2,0.04566735451635495,16,65,32,3,0.036567528484452806,43,63,55,4,1,100,BR1_2333008652
87,0.04830847397604472,37,50,34,3,0.050865619388183264,32,56,20,3,0.0427722859872523,34,49,46,3,0.04130128623270258,35,46,45,3,0.04949051001032567,31,59,32,1,0.02716296528605388,14,16,13,4,0.04743923833731775,37,29,38,2,0.05086136386654379,21,31,22,3,0.049782865278610956,35,28,30,3,0.06150570311736188,59,69,33,3,0,100,BR1_2333024474
88,0.03558362294531348,36,38,39,2,0.034730170529110385,46,30,33,2,0.03418990263456876,38,14,38,1,0.039609851262017076,57,63,47,4,0.038009684515437805,26,122,40,3,0.059391756184229,54,19,35,2,0.03435240614044912,40,39,39,2,0.042080275181125684,85,45,39,4,0.03546167558111239,24,34,33,2,0.027483972220306917,11,89,22,4,1,200,BR1_2325481125
89,0.03362593825894845,42,33,37,1,0.05559358684273222,40,150,55,1,0.04386252506582053,62,43,42,2,0.02966087042646707,22,49,31,2,0.02686229922774688,18,47,31,3,0.03716063727347039,54,30,38,4,0.03224518258517722,42,54,38,3,0.040454355597493025,79,50,43,4,0.02905300227151681,19,82,23,4,0.028966043845712237,11,64,24,3,1,200,BR1_2325407812
90,0.02800007282222446,20,26,26,1,0.032369335541353704,41,33,26,3,0.0386112467205341,61,39,35,3,0.034423457526271746,57,85,47,3,0.026892755569064605,9,55,19,3,0.06271005529268722,51,14,19,4,0.03999932886275087,64,37,14,4,0.031190836815239008,32,38,50,2,0.03317257790947524,21,32,33,2,0.03480804876970217,49,55,26,3,1,100,BR1_2325382545
91,0.03523025695194608,56,41,47,4,0.027505494340819926,18,29,35,1,0.03491137182229395,27,34,41,1,0.031033601591593213,25,47,21,4,0.026992193666713342,21,73,26,3,0.034877586553594124,18,17,30,2,0.05636703239303373,50,28,29,3,0.03645562157755261,48,27,28,3,0.056976539343003535,45,38,37,3,0.0260197559683938,8,34,17,2,1,200,BR1_2325358466
92,0.03675124950473949,58,19,46,3,0.03494303511028597,32,45,20,3,0.034288285853654225,38,18,27,3,0.02861949589015344,27,75,40,3,0.054218053949282904,55,26,37,4,0.03510766204608514,59,39,39,3,0.06045103220197434,55,88,44,3,0.031605599322909295,34,33,38,1,0.03636485854309504,32,26,44,1,0.038248166101978245,28,38,31,2,0,100,BR1_2321181648
93,0.0435724288489798,65,36,21,3,0.031084151722753285,36,34,34,0,0.033013268689759394,24,9,37,2,0.052376462418301684,54,83,38,2,0.030633213771864124,5,24,16,2,0.026034095684530485,19,49,32,3,0.03359533045262309,41,42,15,3,0.03356276864151691,29,24,30,3,0.042523882691631654,58,80,29,5,0.030877152944330064,5,68,18,4,1,200,BR1_2315856989
94,0.04099500794936704,39,39,35,2,0.04478524366991062,68,40,29,3,0.02665821612479092,23,25,34,1,0.03282017215303277,31,26,33,3,0.03612889136527794,5,82,13,4,0.04479204180564306,45,57,46,1,0.03985806551835683,60,23,33,4,0.03907390764193777,39,18,28,1,0.055375193076851154,63,27,43,1,0.01926751607190514,4,45,21,2,1,100,BR1_2315860463
95,0.03324115725711663,24,16,41,0,0.04279987502811472,35,46,36,4,0.05350374270120212,55,61,40,2,0.033931460798418564,27,51,29,3,0.035275526375952534,44,32,33,3,0.03283286927092591,16,50,25,3,0.039008524709664774,56,77,21,5,0.03490554041427346,44,31,43,3,0.03829985893060697,32,42,29,3,0.04231052269325914,11,93,26,3,0,200,BR1_2315797324
96,0.035091507489639434,19,19,19,3,0.033295645088578366,36,37,38,1,0.05915183582104907,66,77,28,5,0.039388750233254964,44,48,26,4,0.03194303451168834,18,61,26,3,0.03630964671598823,21,25,30,3,0.043233775755920224,46,41,28,5,0.027608767750636476,9,9,16,0,0.03793143465434502,53,33,42,3,0.04894006551025583,20,85,31,2,1,200,BR1_2315765138
97,0.050450756163483865,46,28,36,3,0.03408638024732051,43,44,34,1,0.05458150183698693,59,48,49,2,0.044322631179142064,35,38,21,2,0.061149141318110195,45,90,34,3,0.03925766610534458,59,33,40,4,0.04105139260907586,34,31,41,0,0.047575742171267525,40,104,42,3,0.04635998931029087,58,80,49,2,0.048659528591789764,20,117,32,3,0,200,BR1_2313934053
98,0.0,0,0,0,0,0.03029434125597729,35,40,26,3,0.03144128752677156,36,30,25,4,0.04522118057560391,25,30,22,3,0.02483691123005166,15,59,40,2,0.028426670372423336,26,20,24,2,0.03668219559497983,68,28,36,1,0.022645076978489956,22,24,45,1,0.03161016688875737,29,26,30,2,0.01894112560396293,5,23,35,0,0,100,BR1_2161208746
99,0.04606373824609289,32,33,30,3,0.06030742402648621,61,44,23,4,0.02333373679749483,11,73,26,2,0.052447485044321535,50,81,48,3,0.04167019061240432,65,57,34,3,0.03494995382849948,34,47,40,3,0.03691415070089151,33,68,25,3,0.03555257178936513,38,58,39,2,0.0324635110861161,34,44,29,2,0.05419377286065681,39,102,51,3,0,200,BR1_2334734248
100,0.037389144794572414,41,53,38,4,0.0380644055303163,35,76,26,3,0.0387446330279668,22,14,23,2,0.03585010285834457,28,49,23,3,0.027341735758955734,21,48,33,2,0.032481234687061294,20,37,29,1,0.05022208080593768,72,64,39,2,0.038621582375467055,28,21,40,1,0.04188163796756715,55,37,21,5,0.040911911154000995,59,47,38,2,0,100,BR1_2334751425
101,0.04010150468285113,39,68,49,2,0.04619771258934366,23,133,55,1,0.03380996253150487,35,35,43,2,0.03906990854536406,37,41,50,2,0.04304096631806267,44,51,40,2,0.03518534460800379,37,64,46,3,0.036983013085513314,25,50,33,3,0.03232192893669061,49,35,29,4,0.03743778794719051,35,71,28,3,0.04557317857811924,40,118,41,5,1,200,BR1_2334577319
102,0.05088634715028894,29,46,21,3,0.04644059919640189,19,81,33,1,0.04156881713838642,15,78,27,2,0.044497048667296035,22,71,53,0,0.05488620975977687,75,79,46,2,0.05893966466204285,68,94,53,4,0.030492067776457403,27,55,29,2,0.029735466845371733,35,52,44,2,0.032510129297526606,40,21,21,4,0.04890928389084731,34,62,26,4,1,200,BR1_2333990498
103,0.03388907897544497,28,53,37,4,0.03549154871993553,45,54,32,3,0.03001021467658294,42,41,47,2,0.03238786472372293,29,32,24,3,0.03327968057040232,45,54,34,2,0.029099948818204727,25,71,31,2,0.027630661368076074,29,46,38,2,0.03909124212943396,46,35,21,3,0.031917054580559864,29,58,43,2,0.04710608868606257,51,58,42,3,0,200,BR1_2333936318
104,0.05765369868177959,42,92,67,3,0.03833530967817396,33,43,25,4,0.02554123535137475,10,29,28,1,0.03151380172788841,30,30,38,0,0.030798724988984956,11,99,45,3,0.03213761035981519,18,31,15,3,0.0263503712002342,21,42,45,1,0.0438455173150146,56,80,43,3,0.03323275616951392,33,58,37,3,0.029497249421921015,23,54,30,1,1,200,BR1_2333902463
105,0.034141500465187054,31,35,27,3,0.03320627904780731,26,34,34,2,0.030979654374889323,22,21,29,0,0.03649718377918055,46,50,31,3,0.06025576957252457,61,98,47,4,0.029445762914120814,23,53,33,1,0.03398398554832292,36,65,41,1,0.04025375620597973,50,33,40,1,0.03230079516722598,34,45,41,2,0.02264199867172163,6,85,21,4,0,200,BR1_2333837702
106,0.032738874071522525,37,46,35,4,0.03173610591272136,19,34,30,2,0.03145158303453266,27,54,32,1,0.03407425825787153,43,49,43,2,0.024479104312361298,10,90,15,3,0.04191670596359136,58,36,32,2,0.029792345185502906,33,30,27,1,0.04096713803784439,31,54,25,3,0.031501804971499195,29,34,26,1,0.020470506181680077,10,79,40,2,1,100,BR1_2333863483
107,0.049561450135726784,26,31,31,3,0.030898664834450064,25,29,22,4,0.06152041477032262,66,91,51,2,0.040487607001818984,73,64,20,5,0.0407629269297022,34,85,51,3,0.04467949763976133,47,37,30,4,0.03767487902936199,29,40,25,2,0.025898186044529533,20,39,31,1,0.03175276818835137,33,43,43,2,0.03937149844015085,33,42,26,2,0,200,BR1_2333749143
108,0.03141304439756764,39,66,35,1,0.047687683110548065,55,83,30,4,0.02951761377705038,20,22,36,2,0.038292797011461016,55,39,50,3,0.02742807284754374,20,72,30,5,0.0474710712707222,39,60,29,3,0.042844127059490214,30,40,24,2,0.03908973505548733,26,59,23,4,0.02965925356902193,29,34,45,2,0.023306733178930242,18,68,23,3,0,200,BR1_2333764071
109,0.03610285740065931,38,17,33,2,0.03819441722409647,22,31,39,2,0.029117766056472583,32,27,23,3,0.029832891726140537,47,51,44,2,0.031926908158210844,34,47,35,3,0.030927955728091573,41,64,34,3,0.06596703362968122,84,93,30,3,0.03419205565142155,35,26,33,2,0.03238269463352443,31,41,22,3,0.03073251073786162,31,73,44,2,1,100,BR1_2334591781
110,0.03618813460672049,34,29,42,1,0.04054668964752996,21,30,37,3,0.029049474160923926,30,20,26,2,0.029299714509547943,22,45,36,2,0.023612846129387997,12,100,20,5,0.03361753939021392,18,25,13,3,0.03412722975226602,22,54,31,2,0.02941534977901151,19,19,25,1,0.032545126772762174,27,83,22,5,0.028820560886893137,14,71,21,4,1,100,BR1_2333358926
111,0.02904048292720004,30,22,33,2,0.030059175278126342,23,46,37,2,0.041309589682221565,56,28,39,2,0.052206548529045445,55,84,55,3,0.026547179094900883,20,70,33,1,0.02557548053129229,21,55,31,1,0.03707161432646508,37,29,22,2,0.05669383330019859,63,67,37,2,0.0362499869878791,26,80,28,4,0.03572463877478482,38,28,20,5,0,100,BR1_2333344954
112,0.028658581578572997,26,23,41,1,0.031170749490630895,30,34,39,1,0.05007205730807576,71,46,38,3,0.033926813547778184,31,50,30,3,0.034395328570280444,42,41,41,3,0.029800707691093664,21,67,30,2,0.038790636458216246,38,30,18,3,0.055044315687537024,77,66,36,3,0.02434235735151502,3,98,16,3,0.0365320007066397,36,25,18,5,0,100,BR1_2333342707
113,0.05229338461885155,70,67,43,3,0.044978203941007884,20,18,37,2,0.030872781220980694,34,21,43,1,0.027596545541021738,18,34,32,2,0.052883944941784056,45,81,36,4,0.03183040734183144,32,23,36,3,0.05741672094515132,71,93,56,4,0.03498088330882555,35,15,34,1,0.027649500349395756,23,47,25,3,0.03296859548660669,32,39,29,2,1,100,BR1_2330577780
114,0.05670402194844558,89,72,51,4,0.04614643898762678,24,29,38,2,0.02898853032748627,34,25,49,0,0.027091823216430125,17,45,34,1,0.050336166838054607,44,75,43,4,0.036475320196226554,40,39,39,2,0.03226298560709675,33,36,50,1,0.029595754125711554,24,58,28,2,0.03777765205558025,11,21,40,1,0.03496539048661509,41,35,25,0,0,100,BR1_2330565891
115,0.028771950744849194,24,40,35,1,0.06171942269319216,94,77,52,5,0.04650296109201188,35,64,44,3,0.04421865761452175,33,30,39,1,0.027375989460592047,30,39,49,0,0.03296848777246456,22,52,33,3,0.030897643734651113,32,43,45,2,0.04566292258092549,30,140,28,4,0.03756930587726716,43,49,15,4,0.04346996188013427,27,77,37,3,0,100,BR1_2330582084
116,0.04707917234390091,62,46,14,4,0.02692988653525962,25,36,48,0,0.03428819200387891,32,46,30,3,0.02297938805397925,8,55,40,2,0.04959336153668006,37,33,34,4,0.026920011954902366,30,44,52,0,0.0405515882294784,32,37,40,1,0.03215325118770225,38,41,33,2,0.042361166033377785,24,59,37,2,0.05701542408609614,74,71,57,4,1,200,BR1_2330528633
117,0.0246855603956463,22,43,48,1,0.03230813128292779,38,35,36,2,0.04076789972901376,22,61,41,2,0.05059322357158001,65,58,60,4,0.03300194081051231,15,70,30,2,0.05383404516181129,40,87,57,2,0.058875431123425095,65,101,60,2,0.04521172700803245,45,76,31,2,0.054098185840258384,34,117,48,1,0.05637018837277852,55,98,69,0,1,100,BR1_2330506381
118,0.045519855321372586,37,46,30,4,0.04932742255344568,26,65,33,3,0.06486262403724816,74,113,51,2,0.03513211857680373,22,71,50,3,0.0470509358523878,80,49,36,2,0.024083925925619178,19,42,48,1,0.03413775564641816,43,35,47,1,0.04014586263044879,18,74,49,2,0.04462714501433944,60,39,56,3,0.04042153427045647,50,34,30,3,1,200,BR1_2330493818
119,0.05808893730027903,64,96,44,1,0.053865061114868,52,93,44,3,0.05413007844719919,33,114,43,1,0.06355654249166284,56,109,59,2,0.05551450953519767,50,112,59,3,0.038120785597490034,18,47,47,2,0.06337486180047244,81,83,52,2,0.03777908921027959,22,25,32,4,0.05987279472161,54,78,54,2,0.058641257926486084,63,85,43,1,1,200,BR1_2334817492
120,0.03508134149002842,24,46,42,2,0.0596644968750363,82,85,60,1,0.03873387505936565,21,22,34,4,0.059281090787752455,61,84,58,1,0.06279610819198773,66,57,40,1,0.05561530908270065,52,88,41,1,0.053638603806537184,30,103,52,2,0.05298314564964108,51,57,49,2,0.044925036523614875,32,105,52,4,0.05743324080587807,54,94,34,4,1,100,BR1_2334836614
121,0.029545770010838607,20,25,35,1,0.05889765771210231,77,77,53,1,0.042953844827327295,26,26,35,4,0.05928309196883533,60,82,49,1,0.06250695322462743,51,54,29,2,0.03626737045138967,53,44,40,3,0.056731926889721396,59,68,44,1,0.03989744712379257,56,36,38,2,0.05334491225081971,44,141,69,4,0.05414187557255981,37,123,30,3,0,100,BR1_2334855532
122,0.03898031278740061,60,18,29,3,0.05716671194160917,45,30,17,4,0.03000024143873108,15,36,25,2,0.03686709162797802,49,35,27,3,0.046596563835981486,30,59,25,4,0.03439059098538492,23,34,27,4,0.05502614189536572,39,97,34,1,0.041848558012332504,63,36,31,3,0.030075601035966175,24,20,27,4,0.030887651071402848,23,27,27,2,0,100,BR1_2334422731
123,0.056306352190329305,54,96,33,3,0.04850909948096831,37,91,63,3,0.060625413243972075,67,46,28,3,0.05261792996700912,38,113,44,4,0.05068769977761943,21,152,44,2,0.06941346200538863,62,21,29,2,0.0468467149269294,18,36,26,2,0.046874957683881203,22,32,42,2,0.059880589273138565,66,84,37,3,0.05202224232651883,23,103,36,2,0,200,BR1_2332236227
124,0.03405675487425043,36,29,28,4,0.0695131402200392,62,43,30,3,0.048403476996115885,28,55,25,3,0.051290821967772765,41,61,46,2,0.053697555763233026,52,54,38,3,0.050078216108240495,12,119,35,3,0.052486192709135994,55,71,51,3,0.05893537022365072,59,41,25,4,0.04580107247506644,22,68,29,4,0.033245718014266595,33,27,43,1,1,100,BR1_2332203065
125,0.05236668226128018,37,31,30,3,0.04137247199673429,44,50,50,1,0.06990613702452614,63,64,34,2,0.05205689764466972,37,67,30,2,0.05494989062082791,47,77,46,2,0.033522509860303765,31,27,17,2,0.047810936560798774,17,95,33,4,0.060209062686843534,50,108,44,2,0.05052885501410178,59,47,41,3,0.04068381828658566,11,31,44,0,0,100,BR1_2332158304
126,0.058157365902789214,52,80,33,3,0.03130457681384359,22,41,40,3,0.0672511053926242,61,80,34,3,0.05491122481594969,39,84,31,3,0.05477033863529952,51,97,56,2,0.028270718246663697,17,33,21,3,0.04737637260761898,35,72,46,1,0.06371486313079212,59,71,37,2,0.04534346626606563,36,83,21,3,0.056013484090506105,66,82,32,5,1,100,BR1_2332126465
127,0.05681752366749511,38,100,44,2,0.0252808201148459,8,71,22,4,0.044236975415916875,40,70,20,3,0.05942961021421369,63,35,41,4,0.05979744309043377,60,49,36,4,0.06533203462929377,68,97,47,2,0.05436477660511993,47,81,33,3,0.05791289531306462,60,112,58,2,0.033651602052858554,38,24,27,3,0.04723071748869645,37,40,44,1,0,200,BR1_2332153167
128,0.04972070490257828,63,67,33,4,0.035793516387280906,45,51,20,3,0.03415935675590684,24,11,26,3,0.04077372139535522,36,51,24,3,0.030665018431948327,30,47,46,3,0.03519281905897465,32,26,25,1,0.031223888116082857,25,30,28,2,0.060877044360472705,59,105,53,2,0.03487498315750756,52,41,24,3,0.0274728877734346,17,82,28,3,0,200,BR1_2330667154
129,0.06515172668049608,72,80,50,2,0.05403404592080389,24,76,55,3,0.053809456804028,34,77,37,3,0.05955086010098332,45,91,52,2,0.061962203272328556,64,87,33,4,0.039370744750481905,26,46,23,4,0.05196026925694217,27,25,32,4,0.055722530819492466,41,83,48,2,0.04953909915509394,50,33,20,5,0.05747548843000224,59,29,24,4,1,100,BR1_2330270334
130,0.06527158949453282,75,71,49,3,0.05480787498784968,29,67,49,3,0.054614266581802094,29,79,34,4,0.060742722806155273,45,85,50,3,0.031245799603252182,24,51,24,4,0.056775973081269616,52,81,40,4,0.06311754463286208,62,89,39,5,0.03523942256198038,25,19,41,2,0.055986387858300665,78,76,33,2,0.0641144153530825,83,100,49,4,0,100,BR1_2330169648
131,0.06630773259571636,78,77,49,3,0.05297036217114204,28,85,58,2,0.05521234128940497,29,81,32,4,0.06004733509662215,46,79,48,3,0.04210515061397013,21,40,22,3,0.05447090224505863,35,74,48,1,0.05581813047007053,46,117,49,4,0.06272127909272299,67,76,55,3,0.06280186261975496,69,84,37,5,0.051970021333360365,42,78,53,3,1,100,BR1_2330223663
132,0.05629059489807946,69,116,48,4,0.05410601358830549,34,28,38,4,0.05205348044429714,32,64,67,1,0.02658358298192854,14,56,25,3,0.04077433923016402,29,35,15,2,0.06872880522880637,78,73,46,3,0.05148420750860623,33,97,67,1,0.05810111349218856,40,102,46,4,0.04690194351063068,28,109,39,2,0.05552006155774259,38,152,46,4,0,200,BR1_2330001550
133,0.029069233938742667,25,26,37,0,0.028131592543334492,29,31,56,2,0.04537712236665343,36,67,34,1,0.029349295354357475,18,33,46,1,0.022553849818910024,10,39,21,1,0.03265512743004076,40,18,37,3,0.023943525453379962,10,64,23,3,0.044430042788167104,50,27,33,2,0.03446640208464089,19,26,11,3,0.025035985026164106,15,27,32,1,1,200,BR1_2326517577
134,0.048316501880485606,55,31,32,2,0.04042621071596723,20,65,41,3,0.031926102386902994,33,29,34,2,0.03801891089273392,38,22,39,2,0.04616722117218514,54,36,43,2,0.0360629929435112,32,33,28,2,0.036959160563871066,54,25,38,2,0.03872670608161497,60,25,28,3,0.042025591941155946,69,35,37,3,0.026733557192235212,12,91,40,3,0,100,BR1_2321305345
135,0.043258838767620954,54,42,49,2,0.03994589397688723,56,39,27,3,0.035037603540029764,34,36,31,2,0.03802881448224961,33,35,15,3,0.023787747314908445,8,87,30,4,0.04432481873355674,46,21,17,4,0.045117641889369564,65,30,30,3,0.050360970643366566,61,30,31,2,0.037376187125376145,37,26,39,3,0.03355404568506275,39,34,29,3,1,200,BR1_2321310679
136,0.04778893541202913,54,62,41,4,0.04036323398499802,20,62,32,5,0.04440774948841915,47,20,32,1,0.034242370412949155,43,28,25,3,0.05581511978322117,42,72,52,1,0.048074869841608046,21,21,30,1,0.056658673503166924,62,129,57,2,0.04586853355799893,19,96,38,1,0.05178440568976293,40,137,61,3,0.053377594680170726,43,59,28,2,1,100,BR1_2320580582
137,0.034978684449128467,52,40,34,4,0.03363564690432337,34,32,24,2,0.045850452037307934,49,24,36,1,0.035605302158040836,32,25,38,3,0.0237941726355549,19,63,43,3,0.04344136871273801,71,31,33,4,0.04446548629282362,45,74,43,3,0.03748652090858605,43,28,39,0,0.03139353866066,32,42,29,3,0.02568848272431049,11,67,18,3,0,100,BR1_2310381109
138,0.05417741986038457,31,84,46,2,0.055297181021610076,52,81,42,2,0.04860889112848797,37,63,43,3,0.034849299067098945,34,52,45,3,0.06044890975880952,47,103,39,3,0.022998081082326975,15,26,40,1,0.041499202180482926,45,27,38,2,0.03580755172491834,21,45,27,1,0.03519369316319748,30,20,27,3,0.021836510147241,8,83,20,3,0,200,BR1_2310138732
139,0.03179756452699242,54,79,29,3,0.03703680274805718,32,51,32,2,0.04770189215822433,49,57,38,2,0.03834344514289219,34,65,41,2,0.030930602826444643,34,39,27,2,0.025668743909051325,23,35,41,2,0.03869882060453941,44,30,42,2,0.04881169578895807,47,49,32,3,0.03289919243416809,23,21,27,3,0.022159261040496172,7,98,25,3,0,200,BR1_2310194652
140,0.040219061544534786,76,54,37,5,0.02961331001531276,31,85,22,3,0.022778512772971278,6,74,34,2,0.036091690355261295,34,30,53,1,0.036977626841713435,48,60,31,3,0.04490290002918159,16,105,38,1,0.04843084459761393,65,80,41,3,0.031302319771227965,28,38,53,1,0.05282450349705983,42,94,41,1,0.034113716693644866,21,63,39,2,1,100,BR1_2307892171
141,0.024587151330530757,9,25,26,2,0.04540388481793539,47,103,21,5,0.03620068398984241,30,43,49,2,0.03721870297120501,40,21,21,3,0.039549495245870085,42,46,38,3,0.04335945377677091,35,37,37,2,0.05421222193155332,64,85,55,2,0.03388763802543075,17,29,47,1,0.03234513243115449,24,67,38,2,0.04865011819089693,44,94,57,3,0,200,BR1_2304964365
142,0.03971990852322792,67,37,33,1,0.028094615790881163,13,38,19,3,0.03178412789665103,20,56,27,2,0.03464853675108809,18,33,44,2,0.03671778626266051,34,22,20,1,0.02399994525832062,19,63,33,1,0.03066573316343979,18,55,23,3,0.03975713676222474,40,29,33,4,0.03466605411969754,31,37,41,2,0.031035585186924425,23,27,30,3,0,100,BR1_2302786380
143,0.049097575971402366,45,66,76,3,0.053650856668286846,32,116,44,3,0.023793401783472713,7,13,37,0,0.046106446394418715,12,69,49,5,0.057784693057342094,53,106,40,3,0.033213658957721624,24,46,33,1,0.02886653618243307,23,34,50,2,0.0509449839483291,39,99,40,3,0.044882846698038104,38,30,34,3,0.04007367970574263,41,28,42,1,1,100,BR1_2321942736
144,0.05354412156319825,70,80,11,4,0.04200250459749369,50,57,37,3,0.046582167579977,51,106,44,4,0.04875699144369733,53,48,33,3,0.05701269387940157,55,75,40,2,0.038602252403882265,29,60,23,3,0.04769918546272998,37,53,70,3,0.03724844418908695,19,34,25,2,0.044690519809684935,47,70,36,5,0.04461081213137139,77,25,10,4,0,200,BR1_2321857875
145,0.04244554268914187,40,30,40,0,0.04138504243219726,63,67,24,4,0.04456083218175894,38,74,47,3,0.041778669474540106,48,59,39,1,0.04871126413159342,38,113,57,1,0.05814132954517297,60,89,46,2,0.03403906340882966,29,35,14,4,0.03575090143483867,23,37,46,2,0.045480254080613604,31,41,67,2,0.028206473162409283,28,35,21,2,1,200,BR1_2321801908
146,0.05620436098439927,61,94,37,4,0.0582124660174839,135,34,26,5,0.04786592845958916,37,59,19,3,0.050402219165493,36,48,56,3,0.05774162491714155,52,94,37,0,0.039040137083300876,58,29,36,3,0.036243743391378744,39,29,26,3,0.034025373496640615,42,16,38,0,0.030405738368327655,38,43,65,0,0.06226220344994748,106,24,4,5,0,100,BR1_2321677910
147,0.0566246950520366,49,28,25,3,0.03669582318775663,38,42,15,2,0.04691014223936879,34,28,30,2,0.05101265282354144,40,33,48,1,0.0560233691958722,27,110,35,2,0.055025777749064544,70,44,49,3,0.0317013208915616,27,42,27,3,0.04437519351610571,69,45,18,3,0.047488362371500746,36,43,51,2,0.03335768011230854,31,41,20,3,1,200,BR1_2321645550
148,0.056375678410098225,53,87,27,4,0.04951741323967986,31,108,46,3,0.030262520791439748,27,18,29,2,0.05320523163001498,33,98,49,1,0.059126694471500964,59,118,43,3,0.049775290452484175,31,48,41,2,0.04990712391139153,42,46,41,2,0.049889256317361116,80,50,23,2,0.04549439081025664,35,36,40,2,0.03547992700658884,27,50,24,2,1,200,BR1_2321652937
149,0.06161177003339362,68,51,35,5,0.06053087221945704,73,53,34,4,0.02434144172708265,17,83,30,3,0.049964893742463656,68,46,45,3,0.038959333470761685,46,31,30,3,0.04844500396773507,36,35,33,3,0.04129898849684007,67,25,25,4,0.03274266709168376,23,83,17,4,0.05991294327547232,53,90,52,2,0.060705304453149485,41,93,21,3,0,200,BR1_2321558244
150,0.05672617110041665,35,27,26,4,0.05600777515754389,51,85,48,1,0.03211147779079942,17,77,17,4,0.052194445705375736,79,35,34,3,0.044345140529689624,34,69,18,2,0.05667283109432371,41,82,64,2,0.04793514760418703,34,32,26,3,0.03641680649896081,37,26,30,3,0.03588860749104713,50,35,34,2,0.0480157306270784,49,30,31,3,0,200,BR1_2321548616
151,0.03922559941803602,82,35,39,4,0.041920120614647116,44,15,34,2,0.030050743589100266,10,74,22,3,0.03868081316736339,30,66,34,2,0.057510807713808655,52,64,33,3,0.041134420572947666,33,65,13,4,0.05222618339097295,39,29,45,1,0.03293789123108341,28,46,33,1,0.05682631343549306,76,58,42,4,0.055582275050722385,50,139,48,4,1,100,BR1_2321552593
152,0.04514123248008124,43,68,31,2,0.033398834518197834,38,46,36,2,0.023642130720281998,6,77,27,2,0.05722660575424918,49,44,32,4,0.04892385619315499,32,72,46,2,0.05110571468566677,60,15,32,3,0.029660776430651396,18,56,42,4,0.06343206480955056,77,33,16,5,0.033116211539736394,44,32,38,2,0.04554105166665565,36,55,29,2,0,200,BR1_2316447238
153,0.029116517495341495,19,34,40,2,0.03645086786066759,38,39,24,3,0.03434653819620902,36,17,29,2,0.04046521455557557,47,36,38,3,0.03884342643251464,24,39,30,2,0.025221962890991448,11,17,24,1,0.029463246345089907,21,31,35,1,0.03451294013555638,35,22,28,3,0.03253336542918651,22,58,22,2,0.029342589200780398,7,120,25,4,1,100,BR1_2286622646
154,0.02795405148353986,16,23,30,2,0.047496534943046564,55,46,26,4,0.05159250183971074,44,59,38,2,0.03478213861371521,16,20,26,2,0.03366531169714962,38,57,42,3,0.039707983868033724,50,39,36,3,0.03520663302644137,35,35,28,2,0.03125587174879845,18,20,23,2,0.034234269672642766,21,26,35,2,0.02709063393770067,24,75,31,3,1,200,BR1_2286570766
155,0.03314747256869416,28,11,31,3,0.035026034924328396,43,41,21,3,0.03455767985429526,42,57,22,5,0.02958216089627793,19,29,36,3,0.02437189145258688,18,61,23,3,0.053037930851558904,56,100,63,2,0.03783035979198139,45,40,23,4,0.030849812610829076,33,58,40,3,0.030784660679300854,30,38,40,1,0.05113393779587686,56,68,53,2,0,200,BR1_2285449810
156,0.05073425633374109,46,30,24,2,0.034749849714838264,23,27,23,3,0.040747096508654886,36,37,41,2,0.03840538656881903,50,35,24,5,0.026949651895680583,13,48,29,1,0.05212758450626346,57,31,19,4,0.03794878806855775,50,45,23,4,0.03274580656965429,37,53,26,3,0.041446348781009654,60,41,42,2,0.05851403348840596,65,130,49,1,1,200,BR1_2285426566
157,0.058700216669367186,78,97,47,3,0.03645379559092408,50,43,28,4,0.03024789102813418,23,37,26,2,0.032067155153998765,32,51,27,2,0.026817219554704425,29,40,27,2,0.05700736503173192,68,32,40,2,0.03445784529788707,47,54,37,3,0.031053262422836028,15,59,45,2,0.036441561337545614,50,46,45,2,0.04974503421187024,40,120,41,2,1,100,BR1_2284046135
158,0.04026589659720428,33,32,24,4,0.05297045989563656,41,42,34,3,0.032569024980657564,44,22,25,2,0.032239101967411185,22,30,26,4,0.04487853432102038,50,48,23,4,0.05285214767371916,67,90,47,3,0.033322218595543525,44,35,34,3,0.03861936528973258,43,62,29,3,0.02498612111421905,22,34,34,1,0.059564071952359354,81,57,29,4,1,200,BR1_2283994376
159,0.03271265648458228,32,48,28,1,0.027998413340683845,12,39,31,1,0.03609730038536602,31,31,30,1,0.04256558317958878,21,54,39,5,0.031147246695315527,15,38,37,1,0.05028555868515501,41,97,68,1,0.04528750051544555,38,39,34,2,0.0573258747680787,49,150,44,2,0.04836318842126058,49,52,44,2,0.031557969940379876,20,24,24,2,1,100,BR1_2335312048
160,0.028779358886512604,13,39,53,0,0.036721929100603005,12,57,38,2,0.03418885968291396,20,46,34,2,0.03643403439184399,30,26,32,1,0.045604948543821085,28,48,42,4,0.03807557840598393,42,22,35,2,0.034645732459912,48,38,39,4,0.03001574613028532,45,37,23,2,0.03462486339070907,32,35,24,1,0.04700075886532078,20,91,30,3,0,100,BR1_2335208857
161,0.05793054337917512,56,64,49,2,0.03172524606929804,39,33,27,3,0.04302900980462934,60,60,29,4,0.051761973553571886,71,48,52,2,0.03681272739382624,17,69,36,3,0.036755857662376004,27,42,36,2,0.028540704186602286,14,52,30,3,0.03705121138793836,18,52,39,2,0.03584502792560956,31,27,32,2,0.03104398736767683,20,51,63,1,0,200,BR1_2335185567
162,0.04089471476700564,35,45,31,2,0.04210528962633328,27,68,40,2,0.033166849334434284,19,56,65,1,0.0370688894342452,36,25,25,3,0.034186507681642206,21,61,26,4,0.026051160961414698,12,33,29,1,0.036748326253367415,29,42,40,2,0.029348834903422598,27,53,23,2,0.033156690226576815,22,44,37,1,0.039333143735874376,55,33,23,3,0,100,BR1_2335181980
163,0.05697073601341429,50,43,40,2,0.04217259999573353,49,36,37,2,0.03625800582313277,9,23,30,2,0.042803004118242095,79,38,51,3,0.05523835893968883,52,64,39,2,0.05229304375725356,34,34,33,3,0.034331592876592834,42,31,30,3,0.02705554276018231,8,111,23,4,0.05094040715239179,65,21,22,4,0.03309968014828715,26,69,40,4,0,200,BR1_2335129410
164,0.03590070458718036,20,28,32,2,0.05977009413877142,82,39,24,4,0.030011254181957863,30,45,32,3,0.05110765283703955,48,75,43,3,0.02410301427136532,4,64,28,2,0.04361303220807778,23,14,32,2,0.038363402552457945,38,18,23,3,0.032250420490822225,39,35,28,4,0.03682389279920626,37,52,27,3,0.024743210809398085,9,92,21,5,0,100,BR1_2334917460
165,0.030005330202466814,30,54,19,2,0.04554580209478973,55,76,29,4,0.02571432433622908,15,37,29,1,0.06710739544630788,88,42,23,4,0.040606872163623006,34,71,46,1,0.04624998787764488,49,31,49,1,0.03417637446311881,37,55,36,4,0.0314220142811771,32,35,37,1,0.047025524049869045,58,55,37,3,0.039243053839768685,23,64,42,2,1,100,BR1_2334885086
166,0.05513024176637063,37,102,45,1,0.0,0,0,0,0,0.033935785472360314,38,69,39,2,0.06211027448353339,73,86,62,3,0.04334343307489212,24,22,20,2,0.03276831182191886,35,51,34,2,0.05314920890173477,46,44,37,2,0.04040603189796094,30,76,48,1,0.04773114666396629,52,52,45,1,0.057471250163149766,51,49,29,2,1,200,BR1_2334767263
167,0.03418931973774093,27,58,25,3,0.05734136493477078,41,102,58,2,0.04403451231117733,32,77,39,2,0.04665941740867378,53,53,29,3,0.03513954409541891,40,27,27,2,0.05534472699048582,48,55,60,1,0.04710303778432695,36,50,52,1,0.04200871869394748,53,42,30,2,0.052905906754502616,26,128,43,2,0.062451110179794406,73,123,54,3,1,100,BR1_2271594380
168,0.04315353465510962,51,27,23,3,0.04682208780638259,35,42,33,1,0.041446439111897826,58,36,36,4,0.06965820625627671,69,20,28,4,0.030739090028177127,31,49,36,4,0.034464204179147986,21,68,32,2,0.03142866806569621,35,20,36,1,0.035420065100925414,39,27,28,3,0.039188933177822474,28,19,26,3,0.02405038789530188,10,42,34,0,0,200,BR1_2335870501
169,0.03351677738361034,11,49,31,0,0.036173393184322195,29,60,32,3,0.03323951998781986,52,51,54,1,0.046255219922854696,32,27,31,1,0.035110414764481415,26,44,30,2,0.05577219419371524,57,64,23,2,0.032465481850278595,44,42,24,4,0.03449598680427881,47,50,18,4,0.05047887427756759,49,51,36,3,0.02805165282721627,30,47,44,2,0,100,BR1_2335060817
170,0.06395741702725773,66,68,37,3,0.04011090690287373,36,45,43,1,0.038836362643104715,15,56,35,3,0.04131099400778824,28,53,26,3,0.0642992904781399,124,89,33,5,0.04248775914278875,22,54,31,1,0.04167113971417118,18,39,29,2,0.03826976026179307,34,36,33,3,0.0515137680193809,39,34,40,1,0.036372622079429685,37,33,15,4,1,200,BR1_2334524777
171,0.054325392409083274,54,49,51,3,0.04959153237172928,26,76,46,1,0.0548529240581262,45,77,49,1,0.057686041980205216,40,111,38,1,0.04491018544333814,18,58,47,2,0.03930775277354987,39,31,20,2,0.035694786180798785,33,37,30,2,0.03835864385880599,43,46,47,1,0.05864413793354421,64,117,64,3,0.03480234392041328,34,25,29,0,1,200,BR1_2335914308
172,0.0306192236098716,26,25,41,0,0.031910159864812195,22,59,21,2,0.03745473245599162,40,37,44,0,0.03864285901445681,54,31,33,1,0.03930938635663557,38,72,43,2,0.030167349303744127,18,26,30,3,0.04485373791701536,67,27,31,2,0.03385315098928094,46,21,21,3,0.036488003740525826,61,31,64,2,0.01804115135317014,2,41,16,2,1,100,BR1_2334379647
173,0.0311263987492449,21,29,28,2,0.03834206101941473,36,34,38,0,0.031038345744753892,27,43,34,2,0.036757227760362235,55,38,53,2,0.04314890825565051,40,65,44,2,0.03177347581316497,26,19,24,2,0.03578500991602841,34,25,21,2,0.03606998967297679,35,28,24,2,0.037279168579368464,45,33,14,4,0.030981672159868863,29,20,40,1,0,100,BR1_2334316272
174,0.056266548678673256,63,83,43,4,0.06366274690588052,76,128,43,3,0.04495479224372523,44,83,37,3,0.05749133939878323,52,96,37,4,0.034174721225551055,23,67,24,4,0.03268377205386351,30,26,35,0,0.05019997450131576,59,61,45,2,0.05511410817313387,35,69,40,2,0.05693021007140648,56,159,52,2,0.05778999901155497,55,77,36,3,0,200,BR1_2334313198
175,0.0342917042349731,17,51,35,3,0.05460088418407253,64,54,44,2,0.03530715049265203,23,36,24,2,0.036761700890304054,39,34,29,2,0.04227872216736156,31,53,25,2,0.02077412872026164,7,40,24,1,0.0362796820101214,45,40,23,2,0.03248451606892282,32,21,29,1,0.036364309027350966,27,63,37,3,0.02515553050289792,14,54,32,3,0,200,BR1_2333897547
176,0.03555209065934964,27,15,23,2,0.03554302234687712,27,37,18,2,0.03602805783378327,42,30,38,1,0.04979295980961891,97,41,39,4,0.02262175281458054,9,36,23,2,0.03366673869123312,26,31,22,3,0.029934967833591727,24,38,39,2,0.040077512437932825,49,33,36,2,0.0388079310650842,49,54,32,3,0.02666720394872293,17,112,33,5,0,200,BR1_2333913049
177,0.03226200671777527,22,17,18,2,0.03656917791726732,65,39,39,3,0.02800112936683989,18,31,25,1,0.04759304943678628,63,50,33,4,0.0288117999337815,22,102,28,4,0.03358227628527395,36,30,16,4,0.03433299807031816,39,25,37,2,0.03943470266958235,53,37,39,3,0.04058954801311511,47,43,36,2,0.05883973868904009,82,101,40,4,0,200,BR1_2333821387
178,0.030170375022732246,21,21,34,3,0.030278642321541805,27,35,23,2,0.041375765488935276,64,36,42,3,0.03466128879149369,28,30,28,3,0.05718568489833434,78,100,42,4,0.036022607425208505,40,16,30,3,0.03248054113919099,29,62,22,5,0.03364747693067082,32,39,26,3,0.03473138395450285,28,27,23,2,0.05715886501138992,61,109,49,5,0,100,BR1_2333757307
179,0.027366361365133773,24,51,34,3,0.033012816416074106,37,39,42,3,0.0325935768766774,33,30,31,3,0.02959505039841108,20,26,33,3,0.02320412328555323,15,68,37,0,0.020876259398240594,9,77,41,2,0.033409329859864986,35,43,16,4,0.040855789106353645,60,32,45,4,0.0407313861687955,30,60,44,2,0.04813617487379897,58,97,36,3,0,200,BR1_2333773243
180,0.030823529906916045,30,32,37,1,0.0456578090483292,22,44,26,4,0.05222837385547817,18,18,20,2,0.029546231325418282,13,20,33,2,0.041125287772166105,23,26,19,3,0.03858219831186621,22,27,30,2,0.06305014145074363,93,67,43,1,0.03508458460904387,46,36,42,2,0.04282109395607317,20,67,34,2,0.03206944694265784,29,44,26,4,1,200,BR1_2329914243
181,0.05566027725715107,60,55,30,3,0.059830990743978914,90,63,42,1,0.032412374266961634,32,46,27,4,0.040238910007977795,22,59,33,2,0.039263913050749465,24,57,41,3,0.06879478705576164,62,28,28,5,0.05147508249054406,52,69,43,2,0.033229984356071975,31,26,39,2,0.049312209002444166,51,69,36,3,0.03516065598486131,25,81,47,2,0,100,BR1_2329921122
182,0.05251102775574047,64,25,43,2,0.052448489477848956,32,114,62,1,0.039416511289773054,69,44,43,2,0.0315998250479381,31,26,27,4,0.03102212339424326,23,35,18,4,0.033151617409966035,37,42,29,3,0.05660557167110122,70,54,36,0,0.025434950185446534,18,86,43,2,0.039888185602700056,28,42,33,1,0.024497658203134626,17,61,45,1,1,200,BR1_2329848933
183,0.04798233858482117,32,76,65,0,0.03995152183089695,30,79,14,4,0.059078871636373015,60,16,27,2,0.04568112473093626,48,38,42,1,0.05864978100713707,41,80,26,3,0.03927747904418539,45,36,32,2,0.055093039037558245,61,45,36,1,0.05562475017751934,54,90,50,4,0.053380645643734986,42,127,47,1,0.040637897190536856,22,29,15,3,0,200,BR1_2324855941
184,0.060390942838628094,49,93,46,3,0.05439951005310207,33,82,38,3,0.0487910236087937,26,51,25,0,0.033298974407967426,35,54,34,2,0.05661916394942932,65,38,33,2,0.029697378588871233,15,88,39,2,0.034406892799908766,42,54,23,3,0.042434286531217585,42,74,44,3,0.05544287246482285,54,79,40,3,0.03435598871216452,35,35,26,4,0,100,BR1_2320683063
185,0.04270984793859208,38,34,35,3,0.03917935848342342,37,72,26,4,0.03124052325138662,32,19,17,3,0.031243798491404507,29,94,39,2,0.03538991256681133,26,76,40,3,0.03027406898169882,34,47,52,0,0.05909758119355664,54,37,32,2,0.05128292025492523,43,23,26,3,0.055226941942995565,64,77,44,3,0.04630025454340445,31,68,50,2,0,200,BR1_2317096494
186,0.06361971409372934,127,9,7,4,0.05502882678355778,51,133,47,3,0.040260275816044654,26,31,16,3,0.04406417579375908,37,48,46,2,0.05128645480467906,51,60,31,3,0.055540530607872104,50,42,48,3,0.030428264392279115,25,90,38,4,0.061998775044452135,77,56,35,2,0.03359193963359514,23,36,34,2,0.03537093232920309,22,57,31,3,1,200,BR1_2314537123
